id,state_id/id,code,name
res_country_district_00001,base.state_vn_VN-02,3140,Si Ma Cai
res_country_district_00002,base.state_vn_VN-02,3150,Mường Khương
res_country_district_00003,base.state_vn_VN-02,3120,Bảo Thắng
res_country_district_00004,base.state_vn_VN-02,3180,Văn Bàn
res_country_district_00005,base.state_vn_VN-02,3170,Sa Pa
res_country_district_00006,base.state_vn_VN-02,3130,Bắc Hà
res_country_district_00007,base.state_vn_VN-02,3190,Bảo Yên
res_country_district_00008,base.state_vn_VN-02,3160,Bát Xát
res_country_district_00009,base.state_vn_VN-02,3110,Lào Cai
res_country_district_00010,base.state_vn_VN-66,,Đặc Biệt
res_country_district_00011,base.state_vn_VN-66,1730,Phù Cừ
res_country_district_00012,base.state_vn_VN-66,1760,Văn Lâm
res_country_district_00013,base.state_vn_VN-66,1765,Văn Giang
res_country_district_00014,base.state_vn_VN-66,1720,Tiên Lữ
res_country_district_00015,base.state_vn_VN-66,1770,Yên Mỹ
res_country_district_00016,base.state_vn_VN-66,1750,Mỹ Hào
res_country_district_00017,base.state_vn_VN-66,1780,Khoái Châu
res_country_district_00018,base.state_vn_VN-66,1740,Ân Thi
res_country_district_00019,base.state_vn_VN-66,1790,Kim Động
res_country_district_00020,base.state_vn_VN-66,1710,Hưng Yên
res_country_district_00021,base.state_vn_VN-14,3670,Yên Thủy
res_country_district_00022,base.state_vn_VN-14,3640,Mai Châu
res_country_district_00023,base.state_vn_VN-14,3680,Lạc Thủy
res_country_district_00024,base.state_vn_VN-14,3660,Lạc Sơn
res_country_district_00025,base.state_vn_VN-14,3690,Kim Bôi
res_country_district_00026,base.state_vn_VN-14,3650,Cao Phong
res_country_district_00027,base.state_vn_VN-14,3655,Tân Lạc
res_country_district_00028,base.state_vn_VN-14,3625,Lương Sơn
res_country_district_00029,base.state_vn_VN-14,4440,Kỳ Sơn
res_country_district_00030,base.state_vn_VN-14,3630,Đà Bắc
res_country_district_00031,base.state_vn_VN-14,3610,Hòa Bình
res_country_district_00032,base.state_vn_VN-05,3445,huyện Sốp Cộp
res_country_district_00033,base.state_vn_VN-05,3420,Mường La
res_country_district_00034,base.state_vn_VN-05,3465,Yên Châu
res_country_district_00035,base.state_vn_VN-05,3480,Vân Hồ
res_country_district_00036,base.state_vn_VN-05,3425,Quỳnh Nhai
res_country_district_00037,base.state_vn_VN-05,3460,Bắc Yên
res_country_district_00038,base.state_vn_VN-05,3430,Thuận Châu
res_country_district_00039,base.state_vn_VN-05,3440,Sông Mã
res_country_district_00040,base.state_vn_VN-05,3490,Phù Yên
res_country_district_00041,base.state_vn_VN-05,3470,Mộc Châu
res_country_district_00042,base.state_vn_VN-05,3450,Mai Sơn
res_country_district_00043,base.state_vn_VN-05,3410,Sơn La
res_country_district_00044,base.state_vn_VN-71,3280,Nậm Pồ
res_country_district_00045,base.state_vn_VN-71,3240,Mường Ảng
res_country_district_00046,base.state_vn_VN-71,3220,Điện Biên Đông
res_country_district_00047,base.state_vn_VN-71,3270,Mường Lay
res_country_district_00048,base.state_vn_VN-71,3250,Tuần Giáo
res_country_district_00049,base.state_vn_VN-71,3260,Tủa Chùa
res_country_district_00050,base.state_vn_VN-71,3290,Mường Nhé
res_country_district_00051,base.state_vn_VN-71,3275,Mường Chà
res_country_district_00052,base.state_vn_VN-71,3220,Điện Biên
res_country_district_00053,base.state_vn_VN-71,3220,Điện Biên Phủ
res_country_district_00054,base.state_vn_VN-01,3080,Than Uyên
res_country_district_00055,base.state_vn_VN-01,3070,Tân Uyên
res_country_district_00056,base.state_vn_VN-01,3020,Tam Đường
res_country_district_00057,base.state_vn_VN-01,3060,Sìn Hồ
res_country_district_00058,base.state_vn_VN-01,3030,Phong Thổ
res_country_district_00059,base.state_vn_VN-01,3050,Nậm Nhùn
res_country_district_00060,base.state_vn_VN-01,3040,Mường Tè
res_country_district_00061,base.state_vn_VN-01,3010,Lai Châu
res_country_district_00062,base.state_vn_VN-06,3320,Yên Bình
res_country_district_00063,base.state_vn_VN-06,3360,Trạm Tấu
res_country_district_00064,base.state_vn_VN-06,3370,Nghĩa Lộ
res_country_district_00065,base.state_vn_VN-06,3340,Văn Yên
res_country_district_00066,base.state_vn_VN-06,3380,Văn Chấn
res_country_district_00067,base.state_vn_VN-06,3390,Trấn Yên
res_country_district_00068,base.state_vn_VN-06,3350,Mù Căng Chải
res_country_district_00069,base.state_vn_VN-06,3330,Lục Yên
res_country_district_00070,base.state_vn_VN-06,3310,Yên Bái
res_country_district_00071,base.state_vn_VN-31,5590,Vân Canh
res_country_district_00072,base.state_vn_VN-31,5580,Tây Sơn
res_country_district_00073,base.state_vn_VN-31,5535,Phù Mỹ
res_country_district_00074,base.state_vn_VN-31,5570,Vĩnh Thạnh
res_country_district_00075,base.state_vn_VN-31,5560,Hoài Ân
res_country_district_00076,base.state_vn_VN-31,5520,Tuy Phước
res_country_district_00077,base.state_vn_VN-31,5550,An Lão
res_country_district_00078,base.state_vn_VN-31,5540,Hoài Nhơn
res_country_district_00079,base.state_vn_VN-31,5530,Phù Cát
res_country_district_00080,base.state_vn_VN-31,5525,An Nhơn
res_country_district_00081,base.state_vn_VN-31,5510,Quy Nhơn
res_country_district_00082,base.state_vn_VN-36,5970,Thuận Nam
res_country_district_00083,base.state_vn_VN-36,5930,Thuận Bắc
res_country_district_00084,base.state_vn_VN-36,5940,Bác Ái
res_country_district_00085,base.state_vn_VN-36,5960,Ninh Phước
res_country_district_00086,base.state_vn_VN-36,5920,Ninh Hải
res_country_district_00087,base.state_vn_VN-36,5950,Ninh Sơn
res_country_district_00088,base.state_vn_VN-36,,Phan Rang – Tháp Chàm
res_country_district_00089,base.state_vn_VN-32,5620,Tuy An
res_country_district_00090,base.state_vn_VN-32,5670,Tây Hòa
res_country_district_00091,base.state_vn_VN-32,5640,Đồng Xuân
res_country_district_00092,base.state_vn_VN-32,5680,Đông Hòa
res_country_district_00093,base.state_vn_VN-32,5650,Sơn Hòa
res_country_district_00094,base.state_vn_VN-32,5660,Sông Hinh
res_country_district_00095,base.state_vn_VN-32,5690,Phú Hòa
res_country_district_00096,base.state_vn_VN-32,5630,Thị Xã Sông Cầu
res_country_district_00097,base.state_vn_VN-32,5610,Tuy Hòa
res_country_district_00098,base.state_vn_VN-28,,Ia H Drai
res_country_district_00099,base.state_vn_VN-28,6030,Tu Mơ Rông
res_country_district_00100,base.state_vn_VN-28,6070,Sa Thầy
res_country_district_00101,base.state_vn_VN-28,6050,Ngọc Hồi
res_country_district_00102,base.state_vn_VN-28,6020,Kon Rẫy
res_country_district_00103,base.state_vn_VN-28,6065,Đắk Tô
res_country_district_00104,base.state_vn_VN-28,6040,Đắk Glei
res_country_district_00105,base.state_vn_VN-28,6060,Đắk Hà
res_country_district_00106,base.state_vn_VN-28,6025,Kon Plông
res_country_district_00107,base.state_vn_VN-28,6010,Kon Tum
res_country_district_00108,base.state_vn_VN-40,7760,Hàm Tân
res_country_district_00109,base.state_vn_VN-40,7780,Phú Quý
res_country_district_00110,base.state_vn_VN-40,7750,Tánh Linh
res_country_district_00111,base.state_vn_VN-40,7720,Tuy Phong
res_country_district_00112,base.state_vn_VN-40,7730,Bắc Bình
res_country_district_00113,base.state_vn_VN-40,7755,Đức Linh
res_country_district_00114,base.state_vn_VN-40,7765,La Gi
res_country_district_00115,base.state_vn_VN-40,7740,Hàm Thuận Bắc
res_country_district_00116,base.state_vn_VN-40,7770,Hàm Thuận Nam
res_country_district_00117,base.state_vn_VN-40,7710,Phan Thiết
res_country_district_00118,base.state_vn_VN-55,9720,Vĩnh Lợi
res_country_district_00119,base.state_vn_VN-55,9740,Phước Long
res_country_district_00120,base.state_vn_VN-55,9730,Hồng Dân
res_country_district_00121,base.state_vn_VN-55,9750,Thị Xã Giá Rai
res_country_district_00122,base.state_vn_VN-55,9760,Đông Hải
res_country_district_00123,base.state_vn_VN-55,9770,Hòa Bình
res_country_district_00124,base.state_vn_VN-55,9710,Bạc Liêu
res_country_district_00125,base.state_vn_VN-59,9890,Ngọc Hiển
res_country_district_00126,base.state_vn_VN-59,9830,U Minh
res_country_district_00127,base.state_vn_VN-59,9840,Trần Văn Thời
res_country_district_00128,base.state_vn_VN-59,9870,Đầm Dơi
res_country_district_00129,base.state_vn_VN-59,9860,Cái Nước
res_country_district_00130,base.state_vn_VN-59,9850,Phú Tân
res_country_district_00131,base.state_vn_VN-59,9880,Năm Căn
res_country_district_00132,base.state_vn_VN-59,9820,Thới Bình
res_country_district_00133,base.state_vn_VN-59,9810,Cà Mau
res_country_district_00134,base.state_vn_VN-73,9530,Long Mỹ
res_country_district_00135,base.state_vn_VN-73,9530,Long Mỹ
res_country_district_00136,base.state_vn_VN-73,9570,Châu Thành
res_country_district_00137,base.state_vn_VN-73,9520,Vị Thuỷ
res_country_district_00138,base.state_vn_VN-73,9580,Châu Thành A
res_country_district_00139,base.state_vn_VN-73,9550,Phụng Hiệp
res_country_district_00140,base.state_vn_VN-73,9560,Ngã Bảy
res_country_district_00141,base.state_vn_VN-73,9510,Vị Thanh
res_country_district_00142,base.state_vn_VN-56,1660,Lương Tài
res_country_district_00143,base.state_vn_VN-56,1620,Yên Phong
res_country_district_00144,base.state_vn_VN-56,1650,Thuận Thành
res_country_district_00145,base.state_vn_VN-56,1670,Gia Bình
res_country_district_00146,base.state_vn_VN-56,1630,Từ Sơn
res_country_district_00147,base.state_vn_VN-56,1640,Tiên Du
res_country_district_00148,base.state_vn_VN-56,1680,Quế Võ
res_country_district_00149,base.state_vn_VN-56,1610,Bắc Ninh
res_country_district_00150,base.state_vn_VN-54,2650,Lục Ngạn
res_country_district_00151,base.state_vn_VN-54,2630,Lục Nam
res_country_district_00152,base.state_vn_VN-54,2670,Yên Thế
res_country_district_00153,base.state_vn_VN-54,2620,Yên Dũng
res_country_district_00154,base.state_vn_VN-54,2615,Việt Yên
res_country_district_00155,base.state_vn_VN-54,2680,Tân Yên
res_country_district_00156,base.state_vn_VN-54,2604,Sơn Động
res_country_district_00157,base.state_vn_VN-54,2660,Lạng Giang
res_country_district_00158,base.state_vn_VN-54,2690,Hiệp Hòa
res_country_district_00159,base.state_vn_VN-54,2610,Bắc Giang
res_country_district_00160,base.state_vn_VN-09,2550,Văn Quan
res_country_district_00161,base.state_vn_VN-09,,Văn Lãng
res_country_district_00162,base.state_vn_VN-09,2590,Đình Lập
res_country_district_00163,base.state_vn_VN-09,2570,Chi Lăng
res_country_district_00164,base.state_vn_VN-09,2540,Bình Gia
res_country_district_00165,base.state_vn_VN-09,2545,Bắc Sơn
res_country_district_00166,base.state_vn_VN-09,,Tràng Định
res_country_district_00167,base.state_vn_VN-09,2580,Lộc Bình
res_country_district_00168,base.state_vn_VN-09,2560,Hữu Lũng
res_country_district_00169,base.state_vn_VN-09,2515,Cao Lộc
res_country_district_00170,base.state_vn_VN-09,2510,Lạng Sơn
res_country_district_00171,base.state_vn_VN-04,2190,Quảng Hòa
res_country_district_00172,base.state_vn_VN-04,,Trà Lĩnh
res_country_district_00173,base.state_vn_VN-04,2130,Thông Nông
res_country_district_00174,base.state_vn_VN-04,2160,Thạch An
res_country_district_00175,base.state_vn_VN-04,,Quảng Uyên
res_country_district_00176,base.state_vn_VN-04,2150,Nguyên Bình
res_country_district_00177,base.state_vn_VN-04,2170,Hạ Lang
res_country_district_00178,base.state_vn_VN-04,2135,Bảo Lạc
res_country_district_00179,base.state_vn_VN-04,2180,Trùng Khánh
res_country_district_00180,base.state_vn_VN-04,2165,Phục Hòa
res_country_district_00181,base.state_vn_VN-04,2115,Hòa An
res_country_district_00182,base.state_vn_VN-04,2120,Hà Quảng
res_country_district_00183,base.state_vn_VN-04,2140,Bảo Lâm
res_country_district_00184,base.state_vn_VN-04,2110,Cao Bằng
res_country_district_00185,base.state_vn_VN-53,2340,Pác Nặm
res_country_district_00186,base.state_vn_VN-53,2330,Ngân Sơn
res_country_district_00187,base.state_vn_VN-53,2380,Na Rì
res_country_district_00188,base.state_vn_VN-53,2370,Chợ Mới
res_country_district_00189,base.state_vn_VN-53,2360,Chợ Đồn
res_country_district_00190,base.state_vn_VN-53,2320,Bạch Thông
res_country_district_00191,base.state_vn_VN-53,2350,Ba Bể
res_country_district_00192,base.state_vn_VN-53,2310,Bắc Kạn
res_country_district_00193,base.state_vn_VN-69,2440,Phú Lương
res_country_district_00194,base.state_vn_VN-69,2430,Võ Nhai
res_country_district_00195,base.state_vn_VN-69,2490,Phú Bình
res_country_district_00196,base.state_vn_VN-69,2470,Phổ Yên
res_country_district_00197,base.state_vn_VN-69,2450,Định Hóa
res_country_district_00198,base.state_vn_VN-69,2460,Đại Từ
res_country_district_00199,base.state_vn_VN-69,,Đồng Hỷ
res_country_district_00200,base.state_vn_VN-69,2480,Thành Phố Sông Công
res_country_district_00201,base.state_vn_VN-69,2410,Thái Nguyên
res_country_district_00202,base.state_vn_VN-27,5120,Thăng Bình
res_country_district_00203,base.state_vn_VN-27,5260,Tiên Phước
res_country_district_00204,base.state_vn_VN-27,5180,Tây Giang
res_country_district_00205,base.state_vn_VN-27,5230,Phước Sơn
res_country_district_00206,base.state_vn_VN-27,5200,Nông Sơn
res_country_district_00207,base.state_vn_VN-27,5240,Nam Trà My
res_country_district_00208,base.state_vn_VN-27,5190,Nam Giang
res_country_district_00209,base.state_vn_VN-27,5220,Hiệp Đức
res_country_district_00210,base.state_vn_VN-27,5170,Đông Giang
res_country_district_00211,base.state_vn_VN-27,5250,Bắc Trà My
res_country_district_00212,base.state_vn_VN-27,5210,Quế Sơn
res_country_district_00213,base.state_vn_VN-27,5270,Phú Ninh
res_country_district_00214,base.state_vn_VN-27,5280,Núi Thành
res_country_district_00215,base.state_vn_VN-27,5160,Đại Lộc
res_country_district_00216,base.state_vn_VN-27,5140,Điện Bàn
res_country_district_00217,base.state_vn_VN-27,5150,Duy Xuyên
res_country_district_00218,base.state_vn_VN-27,5130,Hội An
res_country_district_00219,base.state_vn_VN-27,5110,Tam Kỳ
res_country_district_00220,base.state_vn_VN-29,5340,Trà Bồng
res_country_district_00221,base.state_vn_VN-29,1270,Sơn Tây
res_country_district_00222,base.state_vn_VN-29,5410,Mộ Đức
res_country_district_00223,base.state_vn_VN-29,5420,Ba Tơ
res_country_district_00224,base.state_vn_VN-29,5350,Tây Trà
res_country_district_00225,base.state_vn_VN-29,5380,Sơn Hà
res_country_district_00226,base.state_vn_VN-29,5370,Minh Long
res_country_district_00227,base.state_vn_VN-29,5440,Lý Sơn
res_country_district_00228,base.state_vn_VN-29,5400,Nghĩa Hành
res_country_district_00229,base.state_vn_VN-29,5430,Đức Phổ
res_country_district_00230,base.state_vn_VN-29,,Bình Sơn
res_country_district_00231,base.state_vn_VN-29,5390,Tư Nghĩa
res_country_district_00232,base.state_vn_VN-29,5320,Sơn Tịnh
res_country_district_00233,base.state_vn_VN-29,5310,Quảng Ngãi
res_country_district_00234,base.state_vn_VN-72,6540,Cư Jút
res_country_district_00235,base.state_vn_VN-72,6570,Tuy Đức
res_country_district_00236,base.state_vn_VN-72,6530,Krông Nô
res_country_district_00237,base.state_vn_VN-72,6560,Đắk Song
res_country_district_00238,base.state_vn_VN-72,6550,Đắk Mil
res_country_district_00239,base.state_vn_VN-72,6520,Đắk Glong
res_country_district_00240,base.state_vn_VN-72,6580,Đắk R lấp
res_country_district_00241,base.state_vn_VN-72,6510,Gia Nghĩa
res_country_district_00242,base.state_vn_VN-37,8090,Trảng Bàng
res_country_district_00243,base.state_vn_VN-37,8070,Gò Dầu
res_country_district_00244,base.state_vn_VN-37,8080,Bến Cầu
res_country_district_00245,base.state_vn_VN-37,8020,Dương Minh Châu
res_country_district_00246,base.state_vn_VN-37,8030,Tân Châu
res_country_district_00247,base.state_vn_VN-37,8040,Tân Biên
res_country_district_00248,base.state_vn_VN-37,8060,Hòa Thành
res_country_district_00249,base.state_vn_VN-37,8050,Châu Thành
res_country_district_00250,base.state_vn_VN-37,8010,Tây Ninh
res_country_district_00251,base.state_vn_VN-58,6770,Phú Riềng
res_country_district_00252,base.state_vn_VN-58,6750,Bù Gia Mập
res_country_district_00253,base.state_vn_VN-58,6765,Bù Đốp
res_country_district_00254,base.state_vn_VN-58,6760,Lộc Ninh
res_country_district_00255,base.state_vn_VN-58,6730,Bù Đăng
res_country_district_00256,base.state_vn_VN-58,6740,Phước Long
res_country_district_00257,base.state_vn_VN-58,6785,Bình Long
res_country_district_00258,base.state_vn_VN-58,6780,Hớn Quản
res_country_district_00259,base.state_vn_VN-58,6790,Chơn Thành
res_country_district_00260,base.state_vn_VN-58,6720,Đồng Phú
res_country_district_00261,base.state_vn_VN-58,6710,Đồng Xoài
res_country_district_00262,base.state_vn_VN-25,4890,Hải Lăng
res_country_district_00263,base.state_vn_VN-25,4895,Cồn Cỏ
res_country_district_00264,base.state_vn_VN-25,4860,Đa Krông
res_country_district_00265,base.state_vn_VN-25,4870,Triệu Phong
res_country_district_00266,base.state_vn_VN-25,4830,Gio Linh
res_country_district_00267,base.state_vn_VN-25,4820,Cam Lộ
res_country_district_00268,base.state_vn_VN-25,4840,Vĩnh Linh
res_country_district_00269,base.state_vn_VN-25,4850,Hướng Hóa
res_country_district_00270,base.state_vn_VN-25,4880,Quảng Trị
res_country_district_00271,base.state_vn_VN-25,4810,Đông Hà
res_country_district_00272,base.state_vn_VN-24,4750,Tuyên Hóa
res_country_district_00273,base.state_vn_VN-24,4740,Quảng Trạch
res_country_district_00274,base.state_vn_VN-24,4760,Minh Hóa
res_country_district_00275,base.state_vn_VN-24,4770,Quảng Ninh
res_country_district_00276,base.state_vn_VN-24,4730,Ba Đồn
res_country_district_00277,base.state_vn_VN-24,4720,Bố Trạch
res_country_district_00278,base.state_vn_VN-24,4780,Lệ Thủy
res_country_district_00279,base.state_vn_VN-24,4710,Đồng Hới
res_country_district_00280,base.state_vn_VN-23,4620,Kỳ Anh
res_country_district_00281,base.state_vn_VN-23,4590,Vũ Quang
res_country_district_00282,base.state_vn_VN-23,4540,Lộc Hà
res_country_district_00283,base.state_vn_VN-23,4580,Hương Sơn
res_country_district_00284,base.state_vn_VN-23,4570,Đức Thọ
res_country_district_00285,base.state_vn_VN-23,4530,Can Lộc
res_country_district_00286,base.state_vn_VN-23,4520,Thạch Hà
res_country_district_00287,base.state_vn_VN-23,4610,Cẩm Xuyên
res_country_district_00288,base.state_vn_VN-23,4560,Hồng Lĩnh
res_country_district_00289,base.state_vn_VN-23,4550,Nghi Xuân
res_country_district_00290,base.state_vn_VN-23,4600,Hương Khê
res_country_district_00291,base.state_vn_VN-23,4620,Kỳ Anh
res_country_district_00292,base.state_vn_VN-23,4510,Hà Tĩnh
res_country_district_00293,base.state_vn_VN-22,4470,Thanh Chương
res_country_district_00294,base.state_vn_VN-22,4435,Tương Dương
res_country_district_00295,base.state_vn_VN-22,4400,Quỳ Châu
res_country_district_00296,base.state_vn_VN-22,4405,Quế Phong
res_country_district_00297,base.state_vn_VN-22,4460,Nam Đàn
res_country_district_00298,base.state_vn_VN-22,4440,Kỳ Sơn
res_country_district_00299,base.state_vn_VN-22,4450,Hưng Nguyên
res_country_district_00300,base.state_vn_VN-22,4330,Nghi Lộc
res_country_district_00301,base.state_vn_VN-22,4430,Con Cuông
res_country_district_00302,base.state_vn_VN-22,4390,Quỳ Hợp
res_country_district_00303,base.state_vn_VN-22,4370,Nghĩa Đàn
res_country_district_00304,base.state_vn_VN-22,4480,Thái Hòa
res_country_district_00305,base.state_vn_VN-22,4490,Hoàng Mai
res_country_district_00306,base.state_vn_VN-22,4350,Quỳnh Lưu
res_country_district_00307,base.state_vn_VN-22,4340,Diễn Châu
res_country_district_00308,base.state_vn_VN-22,4360,Yên Thành
res_country_district_00309,base.state_vn_VN-22,4380,Tân Kỳ
res_country_district_00310,base.state_vn_VN-22,4420,Anh Sơn
res_country_district_00311,base.state_vn_VN-22,4410,Đô Lương
res_country_district_00312,base.state_vn_VN-22,4320,Cửa Lò
res_country_district_00313,base.state_vn_VN-22,4310,Vinh
res_country_district_00314,base.state_vn_VN-21,4090,Thiệu Hóa
res_country_district_00315,base.state_vn_VN-21,4050,Nga Sơn
res_country_district_00316,base.state_vn_VN-21,4180,Lang Chánh
res_country_district_00317,base.state_vn_VN-21,4130,Cẩm Thủy
res_country_district_00318,base.state_vn_VN-21,4150,Triệu Sơn
res_country_district_00319,base.state_vn_VN-21,4240,Như Thanh
res_country_district_00320,base.state_vn_VN-21,4230,Nông Cống
res_country_district_00321,base.state_vn_VN-21,4140,Bá Thước
res_country_district_00322,base.state_vn_VN-21,4200,Quan Sơn
res_country_district_00323,base.state_vn_VN-21,4040,Hậu Lộc
res_country_district_00324,base.state_vn_VN-21,4080,Đông Sơn
res_country_district_00325,base.state_vn_VN-21,4110,Vĩnh Lộc
res_country_district_00326,base.state_vn_VN-21,4120,Thạch Thành
res_country_district_00327,base.state_vn_VN-21,4190,Quan Hóa
res_country_district_00328,base.state_vn_VN-21,4210,Mường Lát
res_country_district_00329,base.state_vn_VN-21,4060,Hà Trung
res_country_district_00330,base.state_vn_VN-21,4070,Bỉm Sơn
res_country_district_00331,base.state_vn_VN-21,4100,Yên Định
res_country_district_00332,base.state_vn_VN-21,4170,Ngọc Lặc
res_country_district_00333,base.state_vn_VN-21,4160,Thọ Xuân
res_country_district_00334,base.state_vn_VN-21,4220,Thường Xuân
res_country_district_00335,base.state_vn_VN-21,4250,Như Xuân
res_country_district_00336,base.state_vn_VN-21,4270,Thị Xã Nghi Sơn
res_country_district_00337,base.state_vn_VN-21,4030,Hoằng Hóa
res_country_district_00338,base.state_vn_VN-21,4260,Quảng Xương
res_country_district_00339,base.state_vn_VN-21,4020,Sầm Sơn
res_country_district_00340,base.state_vn_VN-21,4010,Thanh Hóa
res_country_district_00341,base.state_vn_VN-18,860,Yên Mô
res_country_district_00342,base.state_vn_VN-18,840,Nho Quan
res_country_district_00343,base.state_vn_VN-18,870,Kim Sơn
res_country_district_00344,base.state_vn_VN-18,830,Gia Viễn
res_country_district_00345,base.state_vn_VN-18,820,Hoa Lư
res_country_district_00346,base.state_vn_VN-18,880,Yên Khánh
res_country_district_00347,base.state_vn_VN-18,850,Tam Điệp
res_country_district_00348,base.state_vn_VN-18,810,Ninh Bình
res_country_district_00349,base.state_vn_VN-63,1840,Thanh Liêm
res_country_district_00350,base.state_vn_VN-63,1860,Lý Nhân
res_country_district_00351,base.state_vn_VN-63,1830,Kim Bảng
res_country_district_00352,base.state_vn_VN-63,1850,Bình Lục
res_country_district_00353,base.state_vn_VN-63,1820,Duy Tiên
res_country_district_00354,base.state_vn_VN-63,1810,Phủ Lý
res_country_district_00355,base.state_vn_VN-67,770,Xuân Trường
res_country_district_00356,base.state_vn_VN-67,725,Vụ Bản
res_country_district_00357,base.state_vn_VN-67,760,Trực Ninh
res_country_district_00358,base.state_vn_VN-67,740,Nghĩa Hưng
res_country_district_00359,base.state_vn_VN-67,780,Giao Thủy
res_country_district_00360,base.state_vn_VN-67,750,Nam Trực
res_country_district_00361,base.state_vn_VN-67,720,Mỹ Lộc
res_country_district_00362,base.state_vn_VN-67,730,Ý Yên
res_country_district_00363,base.state_vn_VN-67,790,Hải Hậu
res_country_district_00364,base.state_vn_VN-67,710,Nam Định
res_country_district_00365,base.state_vn_VN-13,,Hoành Bồ
res_country_district_00366,base.state_vn_VN-13,240,Đông Triều
res_country_district_00367,base.state_vn_VN-13,180,Đầm Hà
res_country_district_00368,base.state_vn_VN-13,200,Ba Chẽ
res_country_district_00369,base.state_vn_VN-13,140,Cô Tô
res_country_district_00370,base.state_vn_VN-13,220,Quảng Yên
res_country_district_00371,base.state_vn_VN-13,190,Tiên Yên
res_country_district_00372,base.state_vn_VN-13,160,Hải Hà
res_country_district_00373,base.state_vn_VN-13,130,Vân Đồn
res_country_district_00374,base.state_vn_VN-13,170,Bình Liêu
res_country_district_00375,base.state_vn_VN-13,230,Uông Bí
res_country_district_00376,base.state_vn_VN-13,120,Cẩm Phả
res_country_district_00377,base.state_vn_VN-13,110,Hạ Long
res_country_district_00378,base.state_vn_VN-13,150,Móng Cái
res_country_district_00379,base.state_vn_VN-68,3570,Thanh Ba
res_country_district_00380,base.state_vn_VN-68,3595,Tam Nông
res_country_district_00381,base.state_vn_VN-68,3550,Yên Lập
res_country_district_00382,base.state_vn_VN-68,3585,Thanh Thủy
res_country_district_00383,base.state_vn_VN-68,3590,Phú Thọ
res_country_district_00384,base.state_vn_VN-68,3580,Thanh Sơn
res_country_district_00385,base.state_vn_VN-68,3555,Tân Sơn
res_country_district_00386,base.state_vn_VN-68,3520,Phù Ninh
res_country_district_00387,base.state_vn_VN-68,3525,Lâm Thao
res_country_district_00388,base.state_vn_VN-68,3540,Hạ Hòa
res_country_district_00389,base.state_vn_VN-68,3530,Đoan Hùng
res_country_district_00390,base.state_vn_VN-68,3560,Cẩm Khê
res_country_district_00391,base.state_vn_VN-68,3510,Việt Trì
res_country_district_00392,base.state_vn_VN-07,2270,Sơn Dương
res_country_district_00393,base.state_vn_VN-07,2230,Chiêm Hóa
res_country_district_00394,base.state_vn_VN-07,2240,Na Hang
res_country_district_00395,base.state_vn_VN-07,2250,Lâm Bình
res_country_district_00396,base.state_vn_VN-07,2260,Hàm Yên
res_country_district_00397,base.state_vn_VN-07,2220,Yên Sơn
res_country_district_00398,base.state_vn_VN-07,2210,Tuyên Quang
res_country_district_00399,base.state_vn_VN-03,2020,Vị Xuyên
res_country_district_00400,base.state_vn_VN-03,2090,Bắc Mê
res_country_district_00401,base.state_vn_VN-03,2030,Yên Minh
res_country_district_00402,base.state_vn_VN-03,2070,Xín Mần
res_country_district_00403,base.state_vn_VN-03,2075,Quang Bình
res_country_district_00404,base.state_vn_VN-03,2035,Quản Bạ
res_country_district_00405,base.state_vn_VN-03,2040,Mèo Vạc
res_country_district_00406,base.state_vn_VN-03,2060,Hoàng Su Phì
res_country_district_00407,base.state_vn_VN-03,2050,Đồng Văn
res_country_district_00408,base.state_vn_VN-03,2080,Bắc Quang
res_country_district_00409,base.state_vn_VN-03,2010,Hà Giang
res_country_district_00410,base.state_vn_VN-20,630,Tiền Hải
res_country_district_00411,base.state_vn_VN-20,620,Kiến Xương
res_country_district_00412,base.state_vn_VN-20,640,Thái Thụy
res_country_district_00413,base.state_vn_VN-20,660,Quỳnh Phụ
res_country_district_00414,base.state_vn_VN-20,670,Hưng Hà
res_country_district_00415,base.state_vn_VN-20,690,Vũ Thư
res_country_district_00416,base.state_vn_VN-20,680,Đông Hưng
res_country_district_00417,base.state_vn_VN-20,610,Thái Bình
res_country_district_00418,base.state_vn_VN-61,375,Thanh Miện
res_country_district_00419,base.state_vn_VN-61,320,Thanh Hà
res_country_district_00420,base.state_vn_VN-61,390,Tứ Kỳ
res_country_district_00421,base.state_vn_VN-61,380,Ninh Giang
res_country_district_00422,base.state_vn_VN-61,350,Chí Linh
res_country_district_00423,base.state_vn_VN-61,330,Kim Thành
res_country_district_00424,base.state_vn_VN-61,365,Gia Lộc
res_country_district_00425,base.state_vn_VN-61,340,Kinh Môn
res_country_district_00426,base.state_vn_VN-61,360,Cẩm Giàng
res_country_district_00427,base.state_vn_VN-61,370,Bình Giang
res_country_district_00428,base.state_vn_VN-61,355,Nam Sách
res_country_district_00429,base.state_vn_VN-61,310,Hải Dương
res_country_district_00430,base.state_vn_VN-HP,510,Kiến Thụy
res_country_district_00431,base.state_vn_VN-HP,540,Cát Hải
res_country_district_00432,base.state_vn_VN-HP,550,Bạch Long Vĩ
res_country_district_00433,base.state_vn_VN-HP,530,Vĩnh Bảo
res_country_district_00434,base.state_vn_VN-HP,520,Tiên Lãng
res_country_district_00435,base.state_vn_VN-HP,450,An Lão
res_country_district_00436,base.state_vn_VN-HP,440,An Dương
res_country_district_00437,base.state_vn_VN-HP,430,Thủy Nguyên
res_country_district_00438,base.state_vn_VN-HP,500,Đồ Sơn
res_country_district_00439,base.state_vn_VN-HP,490,Dương Kinh
res_country_district_00440,base.state_vn_VN-HP,480,Hải An
res_country_district_00441,base.state_vn_VN-HP,460,Kiến An
res_country_district_00442,base.state_vn_VN-HP,410,Hồng Bàng
res_country_district_00443,base.state_vn_VN-HP,470,Lê Chân
res_country_district_00444,base.state_vn_VN-HP,420,Ngô Quyền
res_country_district_00445,base.state_vn_VN-26,4920,Quảng Điền
res_country_district_00446,base.state_vn_VN-26,4970,Nam Đông
res_country_district_00447,base.state_vn_VN-26,9480,Phong Điền
res_country_district_00448,base.state_vn_VN-26,4950,A Lưới
res_country_district_00449,base.state_vn_VN-26,4980,Phú Lộc
res_country_district_00450,base.state_vn_VN-26,4990,Phú Vang
res_country_district_00451,base.state_vn_VN-26,4960,Hương Thủy
res_country_district_00452,base.state_vn_VN-26,4940,Hương Trà
res_country_district_00453,base.state_vn_VN-26,4910,Huế
res_country_district_00454,base.state_vn_VN-70,1530,Tam Đảo
res_country_district_00455,base.state_vn_VN-70,1550,Sông Lô
res_country_district_00456,base.state_vn_VN-70,1590,Phúc Yên
res_country_district_00457,base.state_vn_VN-70,1520,Tam Dương
res_country_district_00458,base.state_vn_VN-70,1540,Lập Thạch
res_country_district_00459,base.state_vn_VN-70,1570,Yên Lạc
res_country_district_00460,base.state_vn_VN-70,1560,Vĩnh Tường
res_country_district_00461,base.state_vn_VN-70,1580,Bình Xuyên
res_country_district_00462,base.state_vn_VN-70,1510,Vĩnh Yên
res_country_district_00463,base.state_vn_VN-CT,9450,Vĩnh Thạnh
res_country_district_00464,base.state_vn_VN-CT,9470,Thới Lai
res_country_district_00465,base.state_vn_VN-CT,9480,Phong Điền
res_country_district_00466,base.state_vn_VN-CT,9460,Cờ Đỏ
res_country_district_00467,base.state_vn_VN-CT,9440,Thốt Nốt
res_country_district_00468,base.state_vn_VN-CT,9430,Ô Môn
res_country_district_00469,base.state_vn_VN-CT,9490,Cái Răng
res_country_district_00470,base.state_vn_VN-CT,9420,Bình Thủy
res_country_district_00471,base.state_vn_VN-CT,9410,Ninh Kiều
res_country_district_00472,base.state_vn_VN-47,9190,An Minh
res_country_district_00473,base.state_vn_VN-47,9210,Vĩnh Thuận
res_country_district_00474,base.state_vn_VN-47,9200,U Minh Thượng
res_country_district_00475,base.state_vn_VN-47,9140,Giang Thành
res_country_district_00476,base.state_vn_VN-47,9220,Gò Quao
res_country_district_00477,base.state_vn_VN-47,9250,Phú Quốc
res_country_district_00478,base.state_vn_VN-47,9240,Kiên Hải
res_country_district_00479,base.state_vn_VN-47,9150,Hà Tiên
res_country_district_00480,base.state_vn_VN-47,9160,Kiên Lương
res_country_district_00481,base.state_vn_VN-47,9180,An Biên
res_country_district_00482,base.state_vn_VN-47,9230,Giồng Riềng
res_country_district_00483,base.state_vn_VN-47,9120,Tân Hiệp
res_country_district_00484,base.state_vn_VN-47,9130,Hòn Đất
res_country_district_00485,base.state_vn_VN-47,9170,Châu Thành
res_country_district_00486,base.state_vn_VN-47,9110,Rạch Giá
res_country_district_00487,base.state_vn_VN-52,9680,Vĩnh Châu
res_country_district_00488,base.state_vn_VN-52,9655,Thạnh Trị
res_country_district_00489,base.state_vn_VN-52,9645,Mỹ Tú
res_country_district_00490,base.state_vn_VN-52,9620,Long Phú
res_country_district_00491,base.state_vn_VN-52,9690,Cù Lao Dung
res_country_district_00492,base.state_vn_VN-52,9650,Ngã Năm
res_country_district_00493,base.state_vn_VN-52,9670,Trần Đề
res_country_district_00494,base.state_vn_VN-52,9630,Kế Sách
res_country_district_00495,base.state_vn_VN-52,9640,Châu Thành
res_country_district_00496,base.state_vn_VN-52,9660,Mỹ Xuyên
res_country_district_00497,base.state_vn_VN-52,9610,Sóc Trăng
res_country_district_00498,base.state_vn_VN-44,9060,Châu Phú
res_country_district_00499,base.state_vn_VN-44,9020,Chợ Mới
res_country_district_00500,base.state_vn_VN-44,9030,Phú Tân
res_country_district_00501,base.state_vn_VN-44,9040,Thị Xã Tân Châu
res_country_district_00502,base.state_vn_VN-44,9045,An Phú
res_country_district_00503,base.state_vn_VN-44,9050,Châu Đốc
res_country_district_00504,base.state_vn_VN-44,9070,Tịnh Biên
res_country_district_00505,base.state_vn_VN-44,9080,Tri Tôn
res_country_district_00506,base.state_vn_VN-44,9095,Thoại Sơn
res_country_district_00507,base.state_vn_VN-44,9090,Châu Thành
res_country_district_00508,base.state_vn_VN-44,9010,Long Xuyên
res_country_district_00509,base.state_vn_VN-45,8155,Hồng Ngự
res_country_district_00510,base.state_vn_VN-45,8155,Hồng Ngự
res_country_district_00511,base.state_vn_VN-45,8190,Châu Thành
res_country_district_00512,base.state_vn_VN-45,8155,Thành Phố Hồng Ngự
res_country_district_00513,base.state_vn_VN-45,8120,Tháp Mười
res_country_district_00514,base.state_vn_VN-45,8160,Thanh Bình
res_country_district_00515,base.state_vn_VN-45,8140,Tân Hồng
res_country_district_00516,base.state_vn_VN-45,8130,Tam Nông
res_country_district_00517,base.state_vn_VN-45,8170,Lấp Vò
res_country_district_00518,base.state_vn_VN-45,8175,Lai Vung
res_country_district_00519,base.state_vn_VN-45,8110,Cao Lãnh
res_country_district_00520,base.state_vn_VN-45,8180,Sa Đéc
res_country_district_00521,base.state_vn_VN-45,8110,Cao Lãnh
res_country_district_00522,base.state_vn_VN-49,8570,Vũng Liêm
res_country_district_00523,base.state_vn_VN-49,8580,Mang Thít
res_country_district_00524,base.state_vn_VN-49,8540,Bình Tân
res_country_district_00525,base.state_vn_VN-49,8550,Bình Minh
res_country_district_00526,base.state_vn_VN-49,8560,Trà Ôn
res_country_district_00527,base.state_vn_VN-49,8530,Tam Bình
res_country_district_00528,base.state_vn_VN-49,8520,Long Hồ
res_country_district_00529,base.state_vn_VN-49,8510,Vĩnh Long
res_country_district_00530,base.state_vn_VN-51,8760,Duyên Hải
res_country_district_00531,base.state_vn_VN-51,8760,Duyên Hải
res_country_district_00532,base.state_vn_VN-51,8730,Cầu Kè
res_country_district_00533,base.state_vn_VN-51,8720,Càng Long
res_country_district_00534,base.state_vn_VN-51,8750,Trà Cú
res_country_district_00535,base.state_vn_VN-51,8740,Tiểu Cần
res_country_district_00536,base.state_vn_VN-51,8790,Châu Thành
res_country_district_00537,base.state_vn_VN-51,8780,Cầu Ngang
res_country_district_00538,base.state_vn_VN-51,8710,Trà Vinh
res_country_district_00539,base.state_vn_VN-50,8630,Chợ Lách
res_country_district_00540,base.state_vn_VN-50,8690,Thạnh Phú
res_country_district_00541,base.state_vn_VN-50,8650,Mỏ Cày Nam
res_country_district_00542,base.state_vn_VN-50,8640,Mỏ Cày Bắc
res_country_district_00543,base.state_vn_VN-50,8660,Giồng Trôm
res_country_district_00544,base.state_vn_VN-50,8670,Bình Đại
res_country_district_00545,base.state_vn_VN-50,8680,Ba Tri
res_country_district_00546,base.state_vn_VN-50,8620,Châu Thành
res_country_district_00547,base.state_vn_VN-50,8610,Bến Tre
res_country_district_00548,base.state_vn_VN-46,8470,Tân Phước
res_country_district_00549,base.state_vn_VN-46,8420,Tân Phú Đông
res_country_district_00550,base.state_vn_VN-46,8480,Cai Lậy
res_country_district_00551,base.state_vn_VN-46,8430,Gò Công
res_country_district_00552,base.state_vn_VN-46,8480,Thị Xã Cai Lậy
res_country_district_00553,base.state_vn_VN-46,8440,Gò Công Tây
res_country_district_00554,base.state_vn_VN-46,8435,Gò Công Đông
res_country_district_00555,base.state_vn_VN-46,8490,Cái Bè
res_country_district_00556,base.state_vn_VN-46,8450,Chợ Gạo
res_country_district_00557,base.state_vn_VN-46,8460,Châu Thành
res_country_district_00558,base.state_vn_VN-46,8410,Mỹ Tho
res_country_district_00559,base.state_vn_VN-41,8300,Kiến Tường
res_country_district_00560,base.state_vn_VN-41,8320,Vĩnh Hưng
res_country_district_00561,base.state_vn_VN-41,8290,Thạnh Hóa
res_country_district_00562,base.state_vn_VN-41,8340,Tân Thạnh
res_country_district_00563,base.state_vn_VN-41,8330,Tân Hưng
res_country_district_00564,base.state_vn_VN-41,8310,Mộc Hóa
res_country_district_00565,base.state_vn_VN-41,8280,Đức Huệ
res_country_district_00566,base.state_vn_VN-41,8350,Thủ Thừa
res_country_district_00567,base.state_vn_VN-41,8230,Tân Trụ
res_country_district_00568,base.state_vn_VN-41,8270,Đức Hòa
res_country_district_00569,base.state_vn_VN-41,8220,Châu Thành
res_country_district_00570,base.state_vn_VN-41,8250,Cần Giuộc
res_country_district_00571,base.state_vn_VN-41,8240,Cần Đước
res_country_district_00572,base.state_vn_VN-41,8260,Bến Lức
res_country_district_00573,base.state_vn_VN-41,8210,Tân An
res_country_district_00574,base.state_vn_VN-33,,M Đrắk
res_country_district_00575,base.state_vn_VN-33,6430,Lắk
res_country_district_00576,base.state_vn_VN-33,6410,Cư Kuin
res_country_district_00577,base.state_vn_VN-33,6350,Krông Búk
res_country_district_00578,base.state_vn_VN-33,6370,Ea Súp
res_country_district_00579,base.state_vn_VN-33,,Krông Pắc
res_country_district_00580,base.state_vn_VN-33,6330,Ea Kar
res_country_district_00581,base.state_vn_VN-33,6420,Krông Ana
res_country_district_00582,base.state_vn_VN-33,6440,Krông Bông
res_country_district_00583,base.state_vn_VN-33,6400,Buôn Hồ
res_country_district_00584,base.state_vn_VN-33,6340,Krông Năng
res_country_district_00585,base.state_vn_VN-33,,Ea H leo
res_country_district_00586,base.state_vn_VN-33,6390,Cư M gar
res_country_district_00587,base.state_vn_VN-33,,Buôn Ðôn
res_country_district_00588,base.state_vn_VN-33,6310,Buôn Ma Thuột
res_country_district_00589,base.state_vn_VN-35,6670,Di Linh
res_country_district_00590,base.state_vn_VN-35,6650,Cát Tiên
res_country_district_00591,base.state_vn_VN-35,6660,Đạ Tẻh
res_country_district_00592,base.state_vn_VN-35,6665,Đạ Huoai
res_country_district_00593,base.state_vn_VN-35,6630,Lâm Hà
res_country_district_00594,base.state_vn_VN-35,6620,Lạc Dương
res_country_district_00595,base.state_vn_VN-35,6625,Đam Rông
res_country_district_00596,base.state_vn_VN-35,6640,Bảo Lâm
res_country_district_00597,base.state_vn_VN-35,6645,Bảo Lộc
res_country_district_00598,base.state_vn_VN-35,6680,Đức Trọng
res_country_district_00599,base.state_vn_VN-35,6690,Đơn Dương
res_country_district_00600,base.state_vn_VN-35,6610,Đà Lạt
res_country_district_00601,base.state_vn_VN-34,5740,Khánh Vĩnh
res_country_district_00602,base.state_vn_VN-34,5755,Khánh Sơn
res_country_district_00603,base.state_vn_VN-34,5790,Trường Sa
res_country_district_00604,base.state_vn_VN-34,5730,Ninh Hòa
res_country_district_00605,base.state_vn_VN-34,5760,Cam Lâm
res_country_district_00606,base.state_vn_VN-34,5720,Vạn Ninh
res_country_district_00607,base.state_vn_VN-34,5750,Diên Khánh
res_country_district_00608,base.state_vn_VN-34,5780,Cam Ranh
res_country_district_00609,base.state_vn_VN-34,5710,Nha Trang
res_country_district_00610,base.state_vn_VN-30,6270,Mang Yang
res_country_district_00611,base.state_vn_VN-30,6210,Krông Pa
res_country_district_00612,base.state_vn_VN-30,6230,Kông Chro
res_country_district_00613,base.state_vn_VN-30,6260,Kbang
res_country_district_00614,base.state_vn_VN-30,6240,Đắk Pơ
res_country_district_00615,base.state_vn_VN-30,,Đắk Đoa
res_country_district_00616,base.state_vn_VN-30,6180,Chư Pưh
res_country_district_00617,base.state_vn_VN-30,6130,Chư Păh
res_country_district_00618,base.state_vn_VN-30,6250,An Khê
res_country_district_00619,base.state_vn_VN-30,6220,Ia Pa
res_country_district_00620,base.state_vn_VN-30,6200,Ayun Pa
res_country_district_00621,base.state_vn_VN-30,6170,Phú Thiện
res_country_district_00622,base.state_vn_VN-30,6190,Chư Sê
res_country_district_00623,base.state_vn_VN-30,6160,Chư Prông
res_country_district_00624,base.state_vn_VN-30,6150,Đức Cơ
res_country_district_00625,base.state_vn_VN-30,6140,Ia Grai
res_country_district_00626,base.state_vn_VN-30,6110,Pleiku
res_country_district_00627,base.state_vn_VN-43,7880,Côn Đảo
res_country_district_00628,base.state_vn_VN-43,7860,Châu Đức
res_country_district_00629,base.state_vn_VN-43,7870,Thị Xã Phú Mỹ
res_country_district_00630,base.state_vn_VN-43,7850,Xuyên Mộc
res_country_district_00631,base.state_vn_VN-43,7830,Đất Đỏ
res_country_district_00632,base.state_vn_VN-43,7840,Long Điền
res_country_district_00633,base.state_vn_VN-43,7870,TT Phú Mỹ - cũ
res_country_district_00634,base.state_vn_VN-43,7810,Bà Rịa
res_country_district_00635,base.state_vn_VN-43,7820,Vũng Tàu
res_country_district_00636,base.state_vn_VN-57,7550,Bắc Tân Uyên
res_country_district_00637,base.state_vn_VN-57,7570,Bàu Bàng
res_country_district_00638,base.state_vn_VN-57,7560,Phú Giáo
res_country_district_00639,base.state_vn_VN-57,7580,Dầu Tiếng
res_country_district_00640,base.state_vn_VN-57,7590,Bến Cát
res_country_district_00641,base.state_vn_VN-57,7540,Tân Uyên
res_country_district_00642,base.state_vn_VN-57,7520,Thuận An
res_country_district_00643,base.state_vn_VN-57,7530,Dĩ An
res_country_district_00644,base.state_vn_VN-57,7510,Thủ Dầu Một
res_country_district_00645,base.state_vn_VN-39,7690,Vĩnh Cửu
res_country_district_00646,base.state_vn_VN-39,7625,Nhơn Trạch
res_country_district_00647,base.state_vn_VN-39,7640,Thống Nhất
res_country_district_00648,base.state_vn_VN-39,7660,Xuân Lộc
res_country_district_00649,base.state_vn_VN-39,7650,Cẩm Mỹ
res_country_district_00650,base.state_vn_VN-39,7670,Định Quán
res_country_district_00651,base.state_vn_VN-39,7620,Long Thành
res_country_district_00652,base.state_vn_VN-39,7680,Tân Phú
res_country_district_00653,base.state_vn_VN-39,7645,Long Khánh
res_country_district_00654,base.state_vn_VN-39,7630,Trảng Bom
res_country_district_00655,base.state_vn_VN-39,7610,Biên Hòa
res_country_district_00656,base.state_vn_VN-DN,5090,Hoàng Sa
res_country_district_00657,base.state_vn_VN-DN,5080,Hòa Vang
res_country_district_00658,base.state_vn_VN-DN,5070,Cẩm Lệ
res_country_district_00659,base.state_vn_VN-DN,5060,Liên Chiểu
res_country_district_00660,base.state_vn_VN-DN,5050,Ngũ Hành Sơn
res_country_district_00661,base.state_vn_VN-DN,5040,Sơn Trà
res_country_district_00662,base.state_vn_VN-DN,5030,Thanh Khê
res_country_district_00663,base.state_vn_VN-DN,5020,Hải Châu
res_country_district_00664,base.state_vn_VN-SG,7130,Thành Phố Thủ Đức
res_country_district_00665,base.state_vn_VN-SG,7330,Cần Giờ
res_country_district_00666,base.state_vn_VN-SG,7320,Nhà Bè
res_country_district_00667,base.state_vn_VN-SG,7180,Bình Chánh
res_country_district_00668,base.state_vn_VN-SG,7130,Thủ Đức
res_country_district_00669,base.state_vn_VN-SG,7230,Bình Thạnh
res_country_district_00670,base.state_vn_VN-SG,7140,Gò Vấp
res_country_district_00671,base.state_vn_VN-SG,7160,Củ Chi
res_country_district_00672,base.state_vn_VN-SG,7170,Hóc Môn
res_country_district_00673,base.state_vn_VN-SG,7190,Bình Tân
res_country_district_00674,base.state_vn_VN-SG,7220,Phú Nhuận
res_country_district_00675,base.state_vn_VN-SG,7200,Tân Phú
res_country_district_00676,base.state_vn_VN-SG,7210,Tân Bình
res_country_district_00677,base.state_vn_VN-SG,7150,12
res_country_district_00678,base.state_vn_VN-SG,7260,11
res_country_district_00679,base.state_vn_VN-SG,7250,10
res_country_district_00680,base.state_vn_VN-SG,,9
res_country_district_00681,base.state_vn_VN-SG,7300,8
res_country_district_00682,base.state_vn_VN-SG,7290,7
res_country_district_00683,base.state_vn_VN-SG,7310,6
res_country_district_00684,base.state_vn_VN-SG,7270,5
res_country_district_00685,base.state_vn_VN-SG,7280,4
res_country_district_00686,base.state_vn_VN-SG,7240,3
res_country_district_00687,base.state_vn_VN-SG,,2
res_country_district_00688,base.state_vn_VN-SG,7100,1
res_country_district_00689,base.state_vn_VN-HN,1200,Nam Từ Liêm
res_country_district_00690,base.state_vn_VN-HN,1360,Thường Tín
res_country_district_00691,base.state_vn_VN-HN,1390,Phú Xuyên
res_country_district_00692,base.state_vn_VN-HN,1330,Quốc Oai
res_country_district_00693,base.state_vn_VN-HN,1340,Chương Mỹ
res_country_district_00694,base.state_vn_VN-HN,1380,Ứng Hòa
res_country_district_00695,base.state_vn_VN-HN,1350,Thanh Oai
res_country_district_00696,base.state_vn_VN-HN,1310,Thạch Thất
res_country_district_00697,base.state_vn_VN-HN,1280,Phúc Thọ
res_country_district_00698,base.state_vn_VN-HN,1370,Mỹ Đức
res_country_district_00699,base.state_vn_VN-HN,1320,Hoài Đức
res_country_district_00700,base.state_vn_VN-HN,1300,Đan Phượng
res_country_district_00701,base.state_vn_VN-HN,1260,Ba Vì
res_country_district_00702,base.state_vn_VN-HN,1270,Sơn Tây
res_country_district_00703,base.state_vn_VN-HN,1250,Thanh Trì
res_country_district_00704,base.state_vn_VN-HN,1240,Gia Lâm
res_country_district_00705,base.state_vn_VN-HN,1220,Sóc Sơn
res_country_district_00706,base.state_vn_VN-HN,1230,Đông Anh
res_country_district_00707,base.state_vn_VN-HN,1290,Mê Linh
res_country_district_00708,base.state_vn_VN-HN,1210,Hà Đông
res_country_district_00709,base.state_vn_VN-HN,1140,Thanh Xuân
res_country_district_00710,base.state_vn_VN-HN,1120,Tây Hồ
res_country_district_00711,base.state_vn_VN-HN,1180,Long Biên
res_country_district_00712,base.state_vn_VN-HN,1170,Hoàng Mai
res_country_district_00713,base.state_vn_VN-HN,1100,Hoàn Kiếm
res_country_district_00714,base.state_vn_VN-HN,1160,Hai Bà Trưng
res_country_district_00715,base.state_vn_VN-HN,1150,Đống Đa
res_country_district_00716,base.state_vn_VN-HN,1130,Cầu Giấy
res_country_district_00717,base.state_vn_VN-HN,1110,Ba Đình
res_country_district_00718,base.state_vn_VN-HN,1190,Bắc Từ Liêm
res_country_district_00719,base.state_vn_VN-33,6380,Buôn Đôn
res_country_district_00720,base.state_vn_VN-30,6120,Đak Đoa
res_country_district_00721,base.state_vn_VN-33,6360,Ea H'leo
res_country_district_00722,base.state_vn_VN-29,5330,Bình Sơn 
res_country_district_00723,base.state_vn_VN-29,5360,Sơn Tây 
res_country_district_00724,base.state_vn_VN-33,6320,Krông Pắk
res_country_district_00725,base.state_vn_VN-33,6450,M'Đrắk
res_country_district_00726,base.state_vn_VN-28,6080,Ia H'Drai
res_country_district_00727,base.state_vn_VN-09,2520,Văn Lãng 
res_country_district_00728,base.state_vn_VN-36,5910,Phan Rang Tháp Chàm
res_country_district_00729,base.state_vn_VN-69,2420,Đồng Hỷ 
res_country_district_00730,base.state_vn_VN-09,2530,Tràng Định 
